{
"lengthUnit": "mil",
"components": {
	"fields": ["COMPONENT_NO", "COMPONENT_NAME", "LAYER", "X_COORDINATE", "Y_COORDINATE", "ANGLE"],
	"rows": [
		[1, "C15", "T", 925, 115, 90],
		[2, "C16", "T", 925, 240, 270],
		[3, "C17", "T", 1030, 85, 0],
		[4, "C18", "T", 1030, 155, 0],
		[5, "C19", "T", 915, 405, 180],
		[6, "C20", "T", 915, 475, 180],
		[7, "C21", "T", 1115, 470, 0],
		[8, "C22", "T", 575, 80, 0],
		[9, "C23", "T", 580, 430, 0],
		[10, "C24", "T", 1940, 105, 90],
		[11, "C25", "T", 2040, 105, 90],
		[12, "C26", "T", 1935, 375, 270],
		[13, "C27", "T", 700, 80, 180],
		[14, "C28", "T", 710, 430, 180],
		[15, "C29", "T", 1840, 105, 270],
		[16, "LED1", "T", 1895, 250, 0],
		[17, "R5", "T", 1340, 475, 180],
		[18, "R6", "T", 1480, 75, 180],
		[19, "R7", "T", 1845, 470, 180],
		[20, "R8", "T", 1860, 375, 90],
		[21, "SW1", "T", 1665, 435, 0],
		[22, "TestPoint", "T", 2224.73, 256.22, 0],
		[23, "U4", "T", 150, 275, 0],
		[24, "U5", "T", 680, 255, 0],
		[25, "U6", "T", 1685, 200, 180],
		[26, "U7", "T", 1335, 275, 270],
		[27, "U8", "B", 150, 275, 0],
		[28, "X2", "T", 1050, 275, 270]
	]
},
"pins": {
	"fields": ["PIN_NO", "PIN_NAME", "PIN_X", "PIN_Y", "LAYER", "PIN_TYPE", "NET_NAME", "NET_TYPE", "PAD_SHAPE", "PAD_SIZEX", "PAD_SIZEY", "HOLE_SIZE", "PAD_ANGLE"],
	"rows": [
		[1, "C15_1", 925, 87.44, "T", "SMD", "GND", "GND", "R", 31.5, 35.43, 0, 90],
		[2, "C15_2", 925, 142.56, "T", "SMD", "+3V3", "", "R", 31.5, 35.43, 0, 90],
		[3, "C16_1", 925, 267.56, "T", "SMD", "GND", "GND", "R", 31.5, 35.43, 0, 270],
		[4, "C16_2", 925, 212.44, "T", "SMD", "+3V3", "", "R", 31.5, 35.43, 0, 270],
		[5, "C17_1", 1002.44, 85, "T", "SMD", "GND", "GND", "R", 31.5, 35.43, 0, 0],
		[6, "C17_2", 1057.56, 85, "T", "SMD", "+3V3", "", "R", 31.5, 35.43, 0, 0],
		[7, "C18_1", 1002.44, 155, "T", "SMD", "GND", "GND", "R", 31.5, 35.43, 0, 0],
		[8, "C18_2", 1057.56, 155, "T", "SMD", "+3V3", "", "R", 31.5, 35.43, 0, 0],
		[9, "C19_1", 942.56, 405, "T", "SMD", "GND", "GND", "R", 31.5, 35.43, 0, 180],
		[10, "C19_2", 887.44, 405, "T", "SMD", "+3V3", "", "R", 31.5, 35.43, 0, 180],
		[11, "C20_1", 942.56, 475, "T", "SMD", "GND", "GND", "R", 31.5, 35.43, 0, 180],
		[12, "C20_2", 887.44, 475, "T", "SMD", "+3V3", "", "R", 31.5, 35.43, 0, 180],
		[13, "C21_1", 1087.44, 470, "T", "SMD", "GND", "GND", "R", 31.5, 35.43, 0, 0],
		[14, "C21_2", 1142.56, 470, "T", "SMD", "+3V3", "", "R", 31.5, 35.43, 0, 0],
		[15, "C22_1", 547.44, 80, "T", "SMD", "GND", "GND", "R", 31.5, 35.43, 0, 0],
		[16, "C22_2", 602.56, 80, "T", "SMD", "+3V3", "", "R", 31.5, 35.43, 0, 0],
		[17, "C23_1", 552.44, 430, "T", "SMD", "GND", "GND", "R", 31.5, 35.43, 0, 0],
		[18, "C23_2", 607.56, 430, "T", "SMD", "+5V", "", "R", 31.5, 35.43, 0, 0],
		[19, "C24_1", 1940, 77.44, "T", "SMD", "+3V3", "", "R", 31.5, 35.43, 0, 90],
		[20, "C24_2", 1940, 132.56, "T", "SMD", "GND", "GND", "R", 31.5, 35.43, 0, 90],
		[21, "C25_1", 2040, 77.44, "T", "SMD", "+3V3", "", "R", 31.5, 35.43, 0, 90],
		[22, "C25_2", 2040, 132.56, "T", "SMD", "GND", "GND", "R", 31.5, 35.43, 0, 90],
		[23, "C26_1", 1935, 402.56, "T", "SMD", "GND", "GND", "R", 31.5, 35.43, 0, 270],
		[24, "C26_2", 1935, 347.44, "T", "SMD", "+3V3", "", "R", 31.5, 35.43, 0, 270],
		[25, "C27_1", 727.56, 80, "T", "SMD", "GND", "GND", "R", 31.5, 35.43, 0, 180],
		[26, "C27_2", 672.44, 80, "T", "SMD", "+3V3", "", "R", 31.5, 35.43, 0, 180],
		[27, "C28_1", 737.56, 430, "T", "SMD", "GND", "GND", "R", 31.5, 35.43, 0, 180],
		[28, "C28_2", 682.44, 430, "T", "SMD", "+5V", "", "R", 31.5, 35.43, 0, 180],
		[29, "C29_1", 1840, 132.56, "T", "SMD", "GND", "GND", "R", 31.5, 35.43, 0, 270],
		[30, "C29_2", 1840, 77.44, "T", "SMD", "+3V3", "", "R", 31.5, 35.43, 0, 270],
		[31, "LED1_1", 1858.98, 271.66, "T", "SMD", "LED1_1", "", "R", 35.43, 27.56, 0, 0],
		[32, "LED1_2", 1858.98, 228.34, "T", "SMD", "GND", "GND", "R", 35.43, 27.56, 0, 0],
		[33, "LED1_3", 1931.02, 228.34, "T", "SMD", "GPIO_16", "", "R", 35.43, 27.56, 0, 0],
		[34, "LED1_4", 1931.02, 271.66, "T", "SMD", "+3V3", "", "R", 35.43, 27.56, 0, 0],
		[35, "R5_1", 1369.66, 475, "T", "SMD", "$1N1658", "", "R", 31.75, 34.02, 0, 180],
		[36, "R5_2", 1310.34, 475, "T", "SMD", "USB_D+", "", "R", 31.75, 34.02, 0, 180],
		[37, "R6_1", 1509.66, 75, "T", "SMD", "$1N1657", "", "R", 31.75, 34.02, 0, 180],
		[38, "R6_2", 1450.34, 75, "T", "SMD", "USB_D-", "", "R", 31.75, 34.02, 0, 180],
		[39, "R7_1", 1874.66, 470, "T", "SMD", "QSPI_SS", "", "R", 31.75, 34.02, 0, 180],
		[40, "R7_2", 1815.34, 470, "T", "SMD", "$1N1714", "", "R", 31.75, 34.02, 0, 180],
		[41, "R8_1", 1860, 345.34, "T", "SMD", "+3V3", "", "R", 31.75, 34.02, 0, 90],
		[42, "R8_2", 1860, 404.66, "T", "SMD", "QSPI_SS", "", "R", 31.75, 34.02, 0, 90],
		[43, "SW1_1", 1582.32, 477.32, "T", "SMD", "SW1_1", "", "R", 41.34, 27.56, 0, 0],
		[44, "SW1_2", 1747.68, 477.32, "T", "SMD", "$1N1714", "", "R", 41.34, 27.56, 0, 0],
		[45, "SW1_3", 1582.32, 392.68, "T", "SMD", "SW1_3", "", "R", 41.34, 27.56, 0, 0],
		[46, "SW1_4", 1747.68, 392.68, "T", "SMD", "GND", "GND", "R", 41.34, 27.56, 0, 0],
		[47, "TestPoint_1", 2224.73, 256.22, "T", "SMD", "GPIO_16", "", "C", 39.37, 39.37, 0, 0],
		[48, "U4_1", 150, 422.64, "T", "SMD", "+5V", "", "O", 275.59, 78.74, 0, 0],
		[49, "U4_2", 150, 314.37, "T", "SMD", "USB_D+", "", "O", 236.22, 59.06, 0, 0],
		[50, "U4_3", 150, 235.63, "T", "SMD", "USB_D-", "", "O", 236.22, 59.06, 0, 0],
		[51, "U4_4", 150, 127.36, "T", "SMD", "GND", "GND", "O", 275.59, 78.74, 0, 0],
		[52, "U5_1", 796.93, 164.45, "T", "SMD", "GND", "GND", "R", 98.42, 43.31, 0, 0],
		[53, "U5_2", 796.93, 255, "T", "SMD", "+3V3", "", "R", 98.42, 43.31, 0, 0],
		[54, "U5_3", 796.93, 345.55, "T", "SMD", "+5V", "", "R", 98.42, 43.31, 0, 0],
		[55, "U5_4", 563.07, 255, "T", "SMD", "+3V3", "", "R", 92.13, 141.73, 0, 0],
		[56, "U6_1", 1760, 318.61, "T", "SMD", "QSPI_SS", "", "O", 22.87, 50.22, 0, 180],
		[57, "U6_2", 1710, 318.61, "T", "SMD", "QSPI_SD1", "", "O", 22.87, 50.22, 0, 180],
		[58, "U6_3", 1660, 318.61, "T", "SMD", "QSPI_SD2", "", "O", 22.87, 50.22, 0, 180],
		[59, "U6_4", 1610, 318.61, "T", "SMD", "GND", "GND", "O", 22.87, 50.22, 0, 180],
		[60, "U6_5", 1610, 81.39, "T", "SMD", "QSPI_SD0", "", "O", 22.87, 50.22, 0, 180],
		[61, "U6_6", 1660, 81.39, "T", "SMD", "QSPI_CLK", "", "O", 22.87, 50.22, 0, 180],
		[62, "U6_7", 1710, 81.39, "T", "SMD", "QSPI_SD3", "", "O", 22.87, 50.22, 0, 180],
		[63, "U6_8", 1760, 81.39, "T", "SMD", "+3V3", "", "O", 22.87, 50.22, 0, 180],
		[64, "U6_9", 1685, 200, "T", "SMD", "U6_9", "", "R", 169.29, 133.86, 0, 180],
		[65, "U7_1", 1437.37, 414.77, "T", "SMD", "+3V3", "", "R", 43.31, 7.87, 0, 270],
		[66, "U7_2", 1421.61, 414.77, "T", "SMD", "GPIO_0", "", "R", 43.31, 7.87, 0, 270],
		[67, "U7_3", 1405.87, 414.77, "T", "SMD", "GPIO_1", "", "R", 43.31, 7.87, 0, 270],
		[68, "U7_4", 1390.12, 414.77, "T", "SMD", "GPIO_2", "", "R", 43.31, 7.87, 0, 270],
		[69, "U7_5", 1374.38, 414.77, "T", "SMD", "GPIO_3", "", "R", 43.31, 7.87, 0, 270],
		[70, "U7_6", 1358.63, 414.77, "T", "SMD", "GPIO_4", "", "R", 43.31, 7.87, 0, 270],
		[71, "U7_7", 1342.88, 414.77, "T", "SMD", "GPIO_5", "", "R", 43.31, 7.87, 0, 270],
		[72, "U7_8", 1327.13, 414.77, "T", "SMD", "GPIO_6", "", "R", 43.31, 7.87, 0, 270],
		[73, "U7_9", 1311.38, 414.77, "T", "SMD", "GPIO_7", "", "R", 43.31, 7.87, 0, 270],
		[74, "U7_10", 1295.63, 414.77, "T", "SMD", "+3V3", "", "R", 43.31, 7.87, 0, 270],
		[75, "U7_11", 1279.88, 414.77, "T", "SMD", "GPIO_8", "", "R", 43.31, 7.87, 0, 270],
		[76, "U7_12", 1264.13, 414.77, "T", "SMD", "GPIO_9", "", "R", 43.31, 7.87, 0, 270],
		[77, "U7_13", 1248.38, 414.77, "T", "SMD", "GPIO_10", "", "R", 43.31, 7.87, 0, 270],
		[78, "U7_14", 1232.63, 414.77, "T", "SMD", "GPIO_11", "", "R", 43.31, 7.87, 0, 270],
		[79, "U7_15", 1195.23, 377.36, "T", "SMD", "GPIO_12", "", "R", 43.31, 7.87, 0, 0],
		[80, "U7_16", 1195.23, 361.62, "T", "SMD", "GPIO_13", "", "R", 43.31, 7.87, 0, 0],
		[81, "U7_17", 1195.23, 345.87, "T", "SMD", "GPIO_14", "", "R", 43.31, 7.87, 0, 0],
		[82, "U7_18", 1195.23, 330.12, "T", "SMD", "GPIO_15", "", "R", 43.31, 7.87, 0, 0],
		[83, "U7_19", 1195.23, 314.37, "T", "SMD", "GND", "GND", "R", 43.31, 7.87, 0, 0],
		[84, "U7_20", 1195.23, 298.62, "T", "SMD", "XIN", "", "R", 43.31, 7.87, 0, 0],
		[85, "U7_21", 1195.23, 282.88, "T", "SMD", "XOUT", "", "R", 43.31, 7.87, 0, 0],
		[86, "U7_22", 1195.23, 267.13, "T", "SMD", "+3V3", "", "R", 43.31, 7.87, 0, 0],
		[87, "U7_23", 1195.23, 251.38, "T", "SMD", "+3V3", "", "R", 43.31, 7.87, 0, 0],
		[88, "U7_24", 1195.23, 235.63, "T", "SMD", "SWCLK", "", "R", 43.31, 7.87, 0, 0],
		[89, "U7_25", 1195.23, 219.88, "T", "SMD", "SWD", "", "R", 43.31, 7.87, 0, 0],
		[90, "U7_26", 1195.23, 204.14, "T", "SMD", "RUN", "", "R", 43.31, 7.87, 0, 0],
		[91, "U7_27", 1195.23, 188.39, "T", "SMD", "GPIO_16", "", "R", 43.31, 7.87, 0, 0],
		[92, "U7_28", 1195.23, 172.64, "T", "SMD", "GPIO_17", "", "R", 43.31, 7.87, 0, 0],
		[93, "U7_29", 1232.63, 135.23, "T", "SMD", "GPIO_18", "", "R", 43.31, 7.87, 0, 90],
		[94, "U7_30", 1248.38, 135.23, "T", "SMD", "GPIO_19", "", "R", 43.31, 7.87, 0, 90],
		[95, "U7_31", 1264.13, 135.23, "T", "SMD", "GPIO_20", "", "R", 43.31, 7.87, 0, 90],
		[96, "U7_32", 1279.88, 135.23, "T", "SMD", "GPIO_21", "", "R", 43.31, 7.87, 0, 90],
		[97, "U7_33", 1295.63, 135.23, "T", "SMD", "+3V3", "", "R", 43.31, 7.87, 0, 90],
		[98, "U7_34", 1311.38, 135.23, "T", "SMD", "GPIO_22", "", "R", 43.31, 7.87, 0, 90],
		[99, "U7_35", 1327.13, 135.23, "T", "SMD", "GPIO_23", "", "R", 43.31, 7.87, 0, 90],
		[100, "U7_36", 1342.88, 135.23, "T", "SMD", "GPIO_24", "", "R", 43.31, 7.87, 0, 90],
		[101, "U7_37", 1358.63, 135.23, "T", "SMD", "GPIO_25", "", "R", 43.31, 7.87, 0, 90],
		[102, "U7_38", 1374.38, 135.23, "T", "SMD", "ADC0", "", "R", 43.31, 7.87, 0, 90],
		[103, "U7_39", 1390.12, 135.23, "T", "SMD", "ADC1", "", "R", 43.31, 7.87, 0, 90],
		[104, "U7_40", 1405.87, 135.23, "T", "SMD", "ADC2", "", "R", 43.31, 7.87, 0, 90],
		[105, "U7_41", 1421.61, 135.23, "T", "SMD", "ADC3", "", "R", 43.31, 7.87, 0, 90],
		[106, "U7_42", 1437.37, 135.23, "T", "SMD", "+3V3", "", "R", 43.31, 7.87, 0, 90],
		[107, "U7_43", 1474.76, 172.64, "T", "SMD", "+3V3", "", "R", 43.31, 7.87, 0, 180],
		[108, "U7_44", 1474.76, 188.39, "T", "SMD", "+3V3", "", "R", 43.31, 7.87, 0, 180],
		[109, "U7_45", 1474.76, 204.14, "T", "SMD", "+3V3", "", "R", 43.31, 7.87, 0, 180],
		[110, "U7_46", 1474.76, 219.88, "T", "SMD", "$1N1657", "", "R", 43.31, 7.87, 0, 180],
		[111, "U7_47", 1474.76, 235.63, "T", "SMD", "$1N1658", "", "R", 43.31, 7.87, 0, 180],
		[112, "U7_48", 1474.76, 251.38, "T", "SMD", "+3V3", "", "R", 43.31, 7.87, 0, 180],
		[113, "U7_49", 1474.76, 267.13, "T", "SMD", "+3V3", "", "R", 43.31, 7.87, 0, 180],
		[114, "U7_50", 1474.76, 282.88, "T", "SMD", "+3V3", "", "R", 43.31, 7.87, 0, 180],
		[115, "U7_51", 1474.76, 298.62, "T", "SMD", "QSPI_SD3", "", "R", 43.31, 7.87, 0, 180],
		[116, "U7_52", 1474.76, 314.37, "T", "SMD", "QSPI_CLK", "", "R", 43.31, 7.87, 0, 180],
		[117, "U7_53", 1474.76, 330.12, "T", "SMD", "QSPI_SD0", "", "R", 43.31, 7.87, 0, 180],
		[118, "U7_54", 1474.76, 345.87, "T", "SMD", "QSPI_SD2", "", "R", 43.31, 7.87, 0, 180],
		[119, "U7_55", 1474.76, 361.62, "T", "SMD", "QSPI_SD1", "", "R", 43.31, 7.87, 0, 180],
		[120, "U7_56", 1474.76, 377.36, "T", "SMD", "QSPI_SS", "", "R", 43.31, 7.87, 0, 180],
		[121, "U7_57", 1335, 275, "T", "SMD", "GND", "GND", "R", 122.05, 122.05, 0, 270],
		[122, "U8_1", 150, 127.36, "B", "SMD", "+5V", "", "O", 275.59, 78.74, 0, 0],
		[123, "U8_2", 150, 235.63, "B", "SMD", "USB_D+", "", "O", 236.22, 59.06, 0, 0],
		[124, "U8_3", 150, 314.37, "B", "SMD", "USB_D-", "", "O", 236.22, 59.06, 0, 0],
		[125, "U8_4", 150, 422.64, "B", "SMD", "GND", "GND", "O", 275.59, 78.74, 0, 0],
		[126, "X2_1", 1016.53, 318.31, "T", "SMD", "XIN", "", "R", 55.12, 47.24, 0, 270],
		[127, "X2_2", 1016.53, 231.69, "T", "SMD", "GND", "GND", "R", 55.12, 47.24, 0, 270],
		[128, "X2_3", 1083.47, 231.69, "T", "SMD", "XOUT", "", "R", 55.12, 47.24, 0, 270],
		[129, "X2_4", 1083.47, 318.31, "T", "SMD", "GND", "GND", "R", 55.12, 47.24, 0, 270]
	]
}
}